{"loss": [0.0007555201300419867, 0.00044282147428020835, 0.00043216123594902456, 0.0004320487205404788, 0.00043181635555811226, 0.0004315870755817741, 0.000430914165917784, 0.0004311658558435738, 0.000431236025178805, 0.0004313395475037396], "val_loss": [0.0010718133999034762, 0.0005656090215779841, 0.0005656121065840125, 0.0005651915562339127, 0.0005682262126356363, 0.0005678721936419606, 0.0005705595831386745, 0.0005739709595218301, 0.0005735433660447598, 0.0005665227072313428]}